,gestures,intersection
0,G3->1,134.76198499999998
1,G3->2,145.49860975
2,G3->0,184.94404839999999
3,G3->3,188.09917874999996
4,G4->2,193.73257425000003
5,G4->1,224.78500975000003
6,G11->0,260.45000400000004
7,G6->2,271.0040712500001
8,G6->1,320.68489459999995
9,G8->0,323.510725
10,G2->3,362.8239309999999
11,G4->0,378.2190405999999
12,G6->0,434.2268148
13,G5->0,437.9629481999999
14,G2->2,452.5077319999997
15,G2->0,585.2682078
16,G2->1,925.0461344000003
