,gestures,intersection
0,G3->2,0.4417201425035276
1,G2->3,0.4992901507568586
2,G4->2,0.5058165392346539
3,G2->2,0.8271143231741406
4,G6->2,1.1423657030445273
5,G11->0,1.3654278423694919
6,G3->3,1.587178325510127
7,G4->1,1.6912326522208143
8,G6->0,1.9157193535361643
9,G2->0,2.0436063765516534
10,G6->1,2.698794566986632
11,G2->1,3.099036960521623
12,G8->0,3.400897341768888
13,G4->0,5.0542326622550435
14,G5->0,5.321622882706276
15,G3->0,6.270404871300078
16,G3->1,7.888408494045431
