,gestures,intersection
0,G3->3,0.009567434782608696
1,G2->3,0.011482505617977532
2,G2->2,0.012317446351931332
3,G3->2,0.013693238095238088
4,G2->0,0.01412021471172961
5,G4->2,0.01622017741935484
6,G3->0,0.01984472268907563
7,G8->0,0.02036766304347826
8,G4->1,0.02509896385542169
9,G5->0,0.025475097297297303
10,G4->0,0.026481430379746828
11,G2->1,0.029052201492537323
12,G3->1,0.029842550724637696
13,G6->0,0.032377859375
14,G11->0,0.03893734615384614
15,G6->2,0.04671
16,G6->1,0.06764909210526315
