,gestures,intersection
0,G3->1,1.85367975
1,G3->2,1.8742054999999997
2,G3->3,1.9140737500000002
3,G3->0,2.2592270000000005
4,G4->2,4.03011625
5,G8->0,4.154267666666666
6,G4->0,4.5282412
7,G4->1,5.336368250000002
8,G6->2,5.63489725
9,G6->1,6.2598616
10,G2->3,6.557925499999998
11,G6->0,8.0988
12,G2->2,9.5292665
13,G5->0,9.723658799999999
14,G11->0,9.7494225
15,G2->0,13.000948599999997
16,G2->1,19.06369979999997
