,gestures,intersection
0,G4->1,10.160120500000001
1,G3->3,12.372205500000003
2,G4->2,13.02224675
3,G8->0,20.431748666666675
4,G3->2,20.61378525000001
5,G6->1,23.195482
6,G3->1,28.007034499999993
7,G6->0,30.6098874
8,G4->0,37.5341964
9,G6->2,42.39401500000001
10,G3->0,51.525885800000005
11,G2->3,63.665007249999995
12,G11->0,64.04466425000001
13,G2->2,75.94691075000004
14,G5->0,111.65994620000001
15,G2->0,160.5914886
16,G2->1,474.0951227999999
