,gestures,intersection
0,G3->1,24.371597
1,G3->2,34.415372250000004
2,G4->2,35.7919565
3,G4->1,40.76614074999999
4,G3->3,55.63965824999999
5,G8->0,64.22785033333334
6,G3->0,67.27171960000001
7,G4->0,68.2139394
8,G6->0,78.83569239999996
9,G6->1,94.1746362
10,G2->0,100.59323079999997
11,G5->0,128.31939699999998
12,G11->0,141.45285424999997
13,G6->2,156.40021374999998
14,G2->3,169.67093300000005
15,G2->2,282.94197924999986
16,G2->1,556.0941780000004
