,gestures,intersection
0,G3->2,1.9174255000000002
1,G3->1,1.97375125
2,G3->3,2.2800417499999996
3,G3->0,2.5419536000000003
4,G4->2,3.2605267500000004
5,G4->1,3.729047500000001
6,G4->0,3.7706380000000017
7,G8->0,4.582646666666665
8,G6->0,4.6131502
9,G6->1,5.8058222
10,G6->2,6.328956249999999
11,G2->0,7.925848199999999
12,G2->3,8.2230335
13,G5->0,9.0630804
14,G2->2,9.07130425
15,G11->0,9.26332
16,G2->1,19.070014800000003
