,gestures,intersection
0,G3->2,102.981453
1,G3->1,113.12461424999998
2,G3->0,140.64696399999997
3,G3->3,145.35281525000002
4,G4->2,182.66160750000006
5,G4->1,185.91715399999995
6,G6->0,267.6468228
7,G4->0,275.2801326000001
8,G6->2,331.2612499999999
9,G6->1,334.00749700000006
10,G11->0,336.52576024999996
11,G8->0,353.9632859999999
12,G2->0,384.03723
13,G2->3,419.96446275000017
14,G2->2,425.5139952499999
15,G5->0,511.9744723999999
16,G2->1,917.3372349999979
