,gestures,intersection
0,G3->0,1118.2433806000004
1,G3->1,1135.7208375
2,G3->2,1174.582595
3,G4->1,1237.67276575
4,G6->1,1242.4035467999997
5,G4->2,1278.6159052499997
6,G3->3,1406.0944357499998
7,G4->0,1526.3522691999997
8,G8->0,1564.0782053333326
9,G6->0,1802.6535516000004
10,G6->2,1893.9625330000003
11,G11->0,1990.1299912499999
12,G5->0,2044.7355830000001
13,G2->0,3184.0448498
14,G2->3,4321.269050999999
15,G2->2,6113.137054250001
16,G2->1,8575.096919799991
