,gestures,intersection
0,G3->1,3.187019249999999
1,G3->0,3.707678
2,G4->2,3.8295485000000005
3,G4->1,4.0609165
4,G3->2,4.181302499999999
5,G3->3,4.7045805000000005
6,G6->1,4.7453326
7,G4->0,5.422926799999998
8,G6->2,7.346352749999999
9,G8->0,7.7266933333333325
10,G11->0,7.82119825
11,G6->0,9.1962588
12,G5->0,10.330862599999998
13,G2->3,13.640931999999992
14,G2->0,14.1881192
15,G2->2,19.27997175
16,G2->1,50.612172400000034
