,gestures,intersection
0,G3->0,1068.0432096
1,G3->3,1079.971838
2,G3->1,1294.684943
3,G3->2,1362.2260047500001
4,G4->2,1379.10499575
5,G8->0,1394.1152956666665
6,G4->1,1502.628443
7,G6->1,1529.5418562000002
8,G4->0,1555.4115910000005
9,G6->2,1948.8277832500007
10,G5->0,2003.2965337999995
11,G6->0,2679.512160199999
12,G2->0,2768.6324845999998
13,G11->0,3666.5427720000002
14,G2->2,4166.5841795
15,G2->3,4389.488434499999
16,G2->1,9175.802036599995
