,gestures,intersection
0,G3->0,1.6412937999999997
1,G3->2,2.0487624999999996
2,G3->3,2.18259425
3,G3->1,2.2908977500000005
4,G4->2,3.972466749999999
5,G8->0,4.090250333333333
6,G4->1,4.79429425
7,G4->0,5.211342200000002
8,G6->2,6.090977249999998
9,G6->1,6.560145200000001
10,G2->0,7.5488100000000005
11,G6->0,8.537785599999998
12,G2->3,8.5411235
13,G2->2,8.837283250000002
14,G5->0,9.561643200000002
15,G11->0,18.45503325
16,G2->1,18.50723060000002
