,gestures,intersection
0,G3->1,4.99948425
1,G3->3,5.02654425
2,G3->0,5.6233274
3,G3->2,6.780769749999998
4,G4->2,7.183763500000002
5,G4->0,7.924822599999997
6,G8->0,9.579242999999998
7,G4->1,9.691858250000001
8,G6->1,10.775860199999999
9,G6->2,12.330910249999993
10,G5->0,15.642734199999998
11,G2->0,16.3342766
12,G6->0,21.397844799999998
13,G2->3,25.367093000000004
14,G11->0,28.26087799999999
15,G2->2,29.640025500000007
16,G2->1,82.91791200000009
