,gestures,intersection
0,G3->0,121.44187079999999
1,G3->2,127.64632949999998
2,G3->3,129.28077699999997
3,G3->1,134.56271024999998
4,G4->2,235.94613474999997
5,G4->1,293.47264399999995
6,G6->1,359.1602224
7,G4->0,361.60319499999997
8,G6->2,375.25368925000004
9,G8->0,395.25309300000004
10,G2->0,459.23022459999993
11,G2->3,481.9527482499999
12,G5->0,495.6318946
13,G2->2,506.59777825000003
14,G11->0,530.4640699999999
15,G6->0,571.1430957999999
16,G2->1,1035.4476820000004
