,gestures,intersection
0,G4->1,27.0764825
1,G3->3,27.313131
2,G4->2,30.46594675
3,G3->2,31.605016750000004
4,G3->0,34.4502604
5,G3->1,35.82187099999999
6,G8->0,45.39875833333334
7,G6->1,48.9775452
8,G2->0,55.391686199999995
9,G4->0,62.48721859999999
10,G6->2,81.08309750000001
11,G5->0,89.54081140000001
12,G6->0,103.44201140000003
13,G2->3,119.35211924999996
14,G11->0,210.95943325000007
15,G2->2,220.91596499999986
16,G2->1,758.4258176000005
