,gestures,intersection
0,G3->0,1032.2177006000002
1,G3->3,1091.2367347500003
2,G3->1,1121.43663925
3,G4->1,1482.3232755
4,G6->2,1601.0190805000002
5,G6->1,1671.3880895999998
6,G4->0,1700.7373892000007
7,G6->0,1909.4697354
8,G4->2,1954.40837625
9,G5->0,2155.4691584000007
10,G8->0,2234.607481333333
11,G2->0,2499.7801312
12,G11->0,2510.2993714999993
13,G2->2,3433.9091397500006
14,G2->3,4608.874768749999
15,G3->2,6449.5113887499965
16,G2->1,8786.451649999997
