,gestures,intersection
0,G3->3,26.118114000000006
1,G3->1,27.307647749999997
2,G4->1,41.23645875
3,G3->0,59.4461444
4,G6->1,59.52985319999999
5,G4->0,63.82259439999999
6,G8->0,67.3327456666667
7,G4->2,73.22830950000002
8,G6->0,92.48229320000003
9,G2->0,100.14758520000005
10,G6->2,108.40148224999996
11,G11->0,115.15852750000005
12,G5->0,122.5913636
13,G2->3,203.29659900000004
14,G2->2,228.23603900000006
15,G3->2,336.6173922499999
16,G2->1,667.2397435999987
