,gestures,intersection
0,G6->1,5.274357550600326
1,G5->0,5.784182074558555
2,G2->0,5.797281997753029
3,G3->0,5.859209639792515
4,G2->1,6.03928836912428
5,G8->0,6.120183371062723
6,G4->1,6.166970264244289
7,G3->2,6.2046683142363666
8,G6->0,6.456448952822054
9,G4->0,6.638818826469011
10,G2->2,7.3634506331339775
11,G11->0,8.022554487109042
12,G6->2,8.34416306110058
13,G3->1,8.375740147193477
14,G4->2,8.53764974038055
15,G2->3,9.55808388090512
16,G3->3,9.621770215985448
