,gestures,intersection
0,G3->0,2.3795463999999997
1,G3->1,2.6208045
2,G3->3,2.7448049999999995
3,G4->1,5.1304535
4,G6->2,5.41232525
5,G4->2,5.48589975
6,G4->0,6.479474399999998
7,G6->0,7.166729200000002
8,G6->1,7.829572799999999
9,G2->0,8.515921599999999
10,G2->2,9.006255750000001
11,G2->3,9.620197499999998
12,G8->0,10.493688666666667
13,G5->0,11.090077600000004
14,G3->2,11.751398499999997
15,G11->0,12.881582250000003
16,G2->1,46.87411439999988
