,gestures,intersection
0,G3->0,0.7642444375000002
1,G3->2,0.8644820505836578
2,G2->3,0.905085724550898
3,G2->1,0.9715764816176469
4,G4->1,1.1848034462809922
5,G2->0,1.212236133333333
6,G2->2,1.2485598604651167
7,G3->1,1.3412184366197184
8,G8->0,1.3599854098360655
9,G4->0,1.4981344057971013
10,G3->3,1.5341791249999994
11,G5->0,2.086829791044777
12,G6->1,2.183565952054795
13,G4->2,2.2924933237410072
14,G6->0,2.304289835714286
15,G11->0,2.564241673469387
16,G6->2,3.453302815789474
