,gestures,intersection
0,G3->1,1.758755
1,G3->3,1.8097097500000001
2,G3->0,2.0559004
3,G4->1,4.391652250000001
4,G6->2,4.544123749999999
5,G4->0,4.816678799999998
6,G8->0,5.093197333333336
7,G2->2,5.776706750000001
8,G3->2,5.896778750000003
9,G6->1,6.06209
10,G6->0,6.2937934
11,G2->3,6.881026000000001
12,G2->0,7.0219217999999985
13,G4->2,8.838988500000001
14,G5->0,9.1324338
15,G11->0,13.377032499999999
16,G2->1,18.14073479999999
