,gestures,intersection
0,G3->0,1080.5130967999999
1,G4->1,1106.5485667500002
2,G3->2,1147.6633555
3,G4->2,1230.7281390000003
4,G3->1,1331.6175707499997
5,G3->3,1368.6434819999995
6,G4->0,1474.13609
7,G6->2,1717.1598544999997
8,G6->0,1745.3909853999994
9,G5->0,1800.0828178
10,G11->0,1840.67893775
11,G8->0,1940.3753853333337
12,G6->1,2611.5142316000006
13,G2->0,2837.4817606000006
14,G2->2,3717.081837499999
15,G2->3,4927.910572000001
16,G2->1,18961.926188400008
