,gestures,intersection
0,G2->2,0.16068985863874335
1,G3->1,0.21052703846153834
2,G2->1,0.2138769733096088
3,G3->2,0.2274725675675675
4,G2->3,0.23071689898989933
5,G3->0,0.23204286567164178
6,G6->0,0.2340033950617283
7,G3->3,0.23861999999999994
8,G6->2,0.2576891414141416
9,G4->2,0.3256105774647886
10,G4->1,0.348287441860465
11,G4->0,0.37318664615384606
12,G6->1,0.3907345852534563
13,G5->0,0.401720188888889
14,G11->0,0.46920220161290344
15,G8->0,0.518075689873418
16,G2->0,0.5953894615384613
