,gestures,intersection
0,G3->1,2.9471872500000007
1,G3->0,3.2368822
2,G3->2,3.3465912500000012
3,G4->1,4.5282195
4,G4->2,5.004705750000002
5,G11->0,5.898290500000002
6,G4->0,5.934302
7,G3->3,6.25213625
8,G6->2,7.31330975
9,G5->0,7.4669219999999985
10,G8->0,9.159809000000001
11,G6->0,9.549220400000001
12,G2->0,10.085369000000004
13,G2->2,10.80009425
14,G6->1,11.140294000000003
15,G2->3,21.23397875
16,G2->1,61.6530028
