,gestures,intersection
0,G3->2,1.8754460000000002
1,G3->0,1.9276721999999993
2,G3->1,2.1479645
3,G3->3,2.4160215
4,G4->1,4.00859825
5,G4->0,4.797237199999998
6,G4->2,4.883783749999999
7,G6->2,6.1166275
8,G6->0,6.185559400000001
9,G2->0,7.305889199999998
10,G2->2,7.677941000000002
11,G8->0,7.837456333333338
12,G2->3,8.470396000000003
13,G11->0,10.23422725
14,G5->0,10.534702
15,G6->1,10.646612399999997
16,G2->1,28.957037599999985
