,gestures,intersection
0,G3->2,116.8864755
1,G3->0,146.7975718
2,G3->1,154.60709974999997
3,G3->3,163.28014050000004
4,G4->2,231.50054275
5,G4->1,242.67337424999994
6,G4->0,276.72122099999996
7,G6->2,330.58606675
8,G11->0,351.94749325
9,G2->0,363.9789098000001
10,G2->2,369.11787350000014
11,G8->0,425.29338800000005
12,G2->3,443.79153724999986
13,G6->0,454.6998697999999
14,G5->0,488.6204962
15,G6->1,587.9707508000001
16,G2->1,1513.1957494000014
