,gestures,intersection
0,G3->3,1.9114672499999996
1,G3->2,2.7922047500000002
2,G3->0,3.3083655999999997
3,G4->1,3.595503999999999
4,G4->0,3.699401200000002
5,G4->2,3.928265749999999
6,G3->1,4.563046750000002
7,G11->0,6.859388750000003
8,G6->0,7.1482014000000005
9,G2->0,7.549195400000002
10,G6->2,9.195222500000002
11,G2->2,10.085873750000001
12,G2->3,10.312779249999998
13,G5->0,14.466994399999994
14,G6->1,20.23518260000001
15,G2->1,41.34764679999999
