,gestures,intersection
0,G3->3,444.87129174999995
1,G11->0,463.25758199999984
2,G3->2,497.474746
3,G3->0,592.699624
4,G4->2,691.164477
5,G4->1,737.33403975
6,G3->1,809.9386534999998
7,G4->0,866.3983007999999
8,G6->2,986.1716892499998
9,G6->0,1081.7037506000001
10,G2->2,1273.4479499999995
11,G2->3,1361.1035232500008
12,G2->0,1596.7881510000007
13,G6->1,1925.0978001999997
14,G5->0,2177.2512137999997
15,G2->1,4605.879865399999
