,gestures,intersection
0,G3->2,1.9730622499999997
1,G3->1,2.2645145
2,G3->3,2.32557525
3,G3->0,2.4465212000000003
4,G4->1,3.1830475000000003
5,G4->0,5.037241200000001
6,G4->2,5.1529697500000005
7,G6->0,6.039760599999999
8,G6->2,7.351845000000001
9,G2->0,7.988887199999996
10,G11->0,9.942445500000002
11,G2->2,11.523778250000003
12,G2->3,11.576802999999995
13,G6->1,14.287797800000002
14,G5->0,16.718437799999997
15,G2->1,22.802645000000034
