,gestures,intersection
0,G2->0,1.1775261834061144
1,G4->1,1.2153947835051546
2,G2->3,1.3045790078125
3,G2->2,1.333076913043478
4,G3->0,1.396150596153846
5,G3->2,1.3987901707317072
6,G3->3,1.4047245846153842
7,G6->2,1.4749983866666665
8,G3->1,1.4806439999999996
9,G6->1,1.5249425205882345
10,G2->1,1.7049851918239007
11,G4->0,2.1902073255813947
12,G6->0,2.196358744966442
13,G4->2,2.2080735918367345
14,G11->0,2.40331827826087
15,G5->0,2.4146394433962257
