,gestures,intersection
0,G4->2,13.501065249999996
1,G4->1,14.479330499999998
2,G3->1,23.981543000000006
3,G3->3,25.3723105
4,G3->0,26.009090200000003
5,G3->2,30.346183250000003
6,G2->0,54.65173299999999
7,G6->1,54.76664279999998
8,G4->0,56.017799999999966
9,G6->0,63.21803320000002
10,G11->0,84.30723774999997
11,G2->3,85.13464599999998
12,G2->2,119.11525075000002
13,G6->2,143.87083024999998
14,G5->0,308.13113120000025
15,G2->1,515.1428738000002
