,gestures,intersection
0,G3->1,1.6570332500000002
1,G3->3,1.7801752499999997
2,G3->0,2.8801064
3,G4->2,3.404495999999999
4,G4->1,3.573292249999999
5,G3->2,4.579646000000002
6,G6->2,4.605129750000001
7,G4->0,5.089302
8,G2->3,5.89595225
9,G6->1,5.923578999999999
10,G2->2,6.613428249999998
11,G2->0,8.589345000000002
12,G11->0,9.051518249999999
13,G6->0,12.974043799999999
14,G2->1,18.142740999999976
