,gestures,intersection
0,G3->3,6.4012744999999995
1,G3->1,7.9200845000000015
2,G3->0,8.0037384
3,G4->2,8.7508305
4,G4->1,9.13546575
5,G6->2,12.364704250000003
6,G2->0,12.553374599999998
7,G6->1,14.761433
8,G11->0,16.202155249999997
9,G2->3,16.658666750000005
10,G4->0,16.9987654
11,G3->2,21.63282025000001
12,G2->2,23.298840999999996
13,G6->0,49.06663380000001
14,G2->1,83.15107640000002
