,gestures,intersection
0,G3->3,512.30368225
1,G11->0,540.26482825
2,G3->1,543.4759704999999
3,G6->2,687.8858385000002
4,G4->1,694.5064282500003
5,G6->1,738.1727208000001
6,G4->2,739.7245395000001
7,G3->0,817.7352438000001
8,G4->0,1022.2258927999999
9,G2->3,1229.2597307500002
10,G2->0,1695.7921368000011
11,G3->2,1777.3433844999993
12,G2->2,2211.2379007499994
13,G6->0,2745.7376247999987
14,G2->1,4594.242167000002
