,gestures,intersection
0,G3->3,132.00576
1,G3->0,139.21757599999998
2,G3->1,146.06471200000001
3,G4->1,174.92265574999996
4,G4->2,250.11517500000002
5,G11->0,255.49699375000006
6,G3->2,269.93448674999996
7,G2->3,285.406095
8,G6->2,303.5953795000001
9,G4->0,351.34981880000015
10,G2->2,361.6419487500002
11,G6->1,371.79391419999996
12,G2->0,427.95407320000004
13,G6->0,829.8353137999999
14,G2->1,1008.0024233999982
