,gestures,intersection
0,G3->3,14.905172499999997
1,G3->1,17.062617499999998
2,G4->1,44.044941249999994
3,G4->2,47.978223749999984
4,G3->0,52.7875926
5,G2->3,71.43985324999998
6,G2->0,74.63082360000001
7,G6->1,87.1051992
8,G6->2,87.95277574999997
9,G4->0,94.9948198
10,G3->2,107.81249049999998
11,G2->2,128.47433499999997
12,G11->0,183.79164849999992
13,G6->0,253.31343139999984
14,G2->1,476.70188299999984
