,gestures,intersection
0,G1->0,0.2524590163934426
1,G2->2,0.4105145413870246
2,G4->1,0.4534534534534534
3,G4->2,0.5062893081761006
4,G2->0,0.5289855072463768
5,G4->0,0.5357142857142857
6,G6->0,0.5395256916996048
7,G3->2,0.5830258302583026
8,G3->0,0.6045751633986928
9,G6->1,0.6623931623931624
10,G11->0,0.6666666666666666
11,G2->1,0.6942800788954635
12,G2->3,0.7397849462365592
13,G3->3,0.7488584474885845
14,G6->3,0.7642276422764227
15,G6->2,0.8061224489795918
16,G3->1,0.8192090395480226
