,gestures,intersection
0,G3->3,136.40431600000002
1,G3->1,141.22573175
2,G4->1,151.52599575
3,G3->0,199.58232359999997
4,G3->2,204.84239799999997
5,G4->2,224.26988175000002
6,G11->0,267.1816675000001
7,G6->0,362.92089
8,G2->0,411.952787
9,G4->0,435.1586882
10,G8->0,463.131296
11,G2->3,510.77400324999985
12,G6->2,527.1562799999999
13,G5->0,535.3263243999997
14,G6->1,659.3976976000001
15,G2->2,670.8063302499999
16,G2->1,1026.4500854000003
