,gestures,intersection
0,G4->2,12.88864825
1,G3->3,18.344999
2,G3->2,21.842848750000005
3,G3->0,22.8846452
4,G3->1,27.37683250000001
5,G4->1,27.828542249999998
6,G2->0,33.315534
7,G6->1,59.08145880000002
8,G11->0,60.496258250000004
9,G4->0,76.8774112
10,G2->2,81.01575574999998
11,G8->0,81.09316233333332
12,G2->3,83.72480875000002
13,G5->0,125.20905319999997
14,G6->0,128.5149158
15,G6->2,203.728362
16,G2->1,492.9966928000002
