,gestures,intersection
0,G3->3,1.9754637499999999
1,G3->2,2.9277095000000015
2,G3->0,3.1307718000000007
3,G3->1,3.4689852500000002
4,G4->1,3.5485725000000006
5,G4->2,3.68272125
6,G4->0,7.1791168
7,G6->0,7.9124886000000005
8,G2->0,8.107744600000002
9,G11->0,8.3368155
10,G8->0,8.39500533333333
11,G2->3,8.900417500000003
12,G6->2,9.432553500000003
13,G2->2,10.432507
14,G5->0,11.021923200000003
15,G6->1,11.5800238
16,G2->1,20.49066019999999
