,gestures,intersection
0,G11->0,442.68717075000006
1,G3->3,482.55234799999994
2,G4->2,551.6284304999999
3,G3->2,728.2041992499998
4,G3->1,753.2941464999998
5,G3->0,975.4799992000001
6,G4->1,987.4429602499999
7,G5->0,1225.4091162
8,G2->2,1301.8997247499995
9,G6->2,1330.8269395
10,G2->3,1586.6397994999995
11,G6->0,1648.4063183999995
12,G4->0,1754.0049661999997
13,G8->0,1778.4305229999993
14,G6->1,1785.1560224
15,G2->0,1884.9846590000009
16,G2->1,3577.589637199995
