,gestures,intersection
0,G3->3,2.5052849999999998
1,G3->0,3.0091663999999994
2,G3->2,3.1250932499999995
3,G4->2,3.6454372499999996
4,G3->1,4.1402867500000005
5,G11->0,4.960081249999999
6,G4->1,6.5444552499999995
7,G2->0,7.774788400000003
8,G4->0,8.156532000000004
9,G6->0,9.636465999999999
10,G5->0,10.2382618
11,G6->1,10.618055599999995
12,G6->2,10.654792749999997
13,G2->3,10.8039245
14,G8->0,11.284104666666666
15,G2->2,11.650448999999995
16,G2->1,38.35682800000004
