,gestures,intersection
0,G3->1,19.111535
1,G3->3,28.208190749999993
2,G3->0,41.3981478
3,G2->0,54.44959899999998
4,G3->2,60.851125999999994
5,G4->1,62.03553149999997
6,G6->1,67.5941908
7,G4->2,78.53644599999998
8,G6->2,83.58177049999998
9,G4->0,92.26519660000002
10,G6->0,95.20353760000003
11,G2->2,117.00552975000002
12,G2->3,202.20552525000002
13,G11->0,261.17774349999996
14,G2->1,479.43137519999993
