,gestures,intersection
0,G6->3,0.08270676691729323
1,G4->2,0.15384615384615385
2,G2->2,0.16666666666666666
3,G4->1,0.17482517482517482
4,G1->0,0.19047619047619047
5,G2->1,0.2994011976047904
6,G2->0,0.30917874396135264
7,G6->1,0.4782608695652174
8,G11->0,0.4945054945054945
9,G6->2,0.5222929936305732
10,G4->0,0.5466666666666666
11,G2->3,0.547945205479452
12,G3->1,0.6976744186046512
13,G3->2,0.7548387096774194
14,G6->0,0.7571428571428571
15,G3->3,0.8913043478260869
16,G3->0,0.9615384615384616
