,gestures,intersection
0,G3->3,746.59952625
1,G3->1,750.0984805
2,G3->0,838.0857939999999
3,G4->1,985.5320777499996
4,G6->1,1081.328207
5,G4->0,1211.1243998000002
6,G4->2,1274.33413825
7,G6->0,1279.5857595999996
8,G3->2,1303.7442342499999
9,G6->2,1371.4213337499998
10,G11->0,1491.1352899999997
11,G2->0,1747.0464274
12,G2->3,1851.6716150000007
13,G2->2,2775.088620499999
14,G2->1,5876.48
