,gestures,intersection
0,G1->0,0.06825396825396825
1,G2->2,0.22712418300653595
2,G11->0,0.2905982905982906
3,G4->1,0.31002331002331
4,G2->0,0.39291465378421897
5,G6->2,0.42887473460721875
6,G4->2,0.43803418803418803
7,G3->3,0.4565217391304348
8,G3->2,0.46881720430107526
9,G2->3,0.4718417047184171
10,G2->1,0.6706586826347305
11,G3->0,0.6794871794871794
12,G6->3,0.7167919799498748
13,G4->0,0.7177777777777777
14,G6->1,0.7222222222222223
15,G3->1,0.7286821705426356
16,G6->0,0.8357142857142857
