,gestures,intersection
0,G3->0,1.5549506
1,G3->3,1.6087017499999998
2,G3->1,1.8336742499999998
3,G3->2,3.0922454999999998
4,G4->1,4.132017500000001
5,G4->2,4.574516750000001
6,G4->0,4.673224599999999
7,G6->0,6.094366600000001
8,G6->2,7.001455999999998
9,G6->1,7.1435194
10,G2->3,7.367485499999998
11,G2->2,7.880663249999998
12,G2->0,7.909313600000003
13,G11->0,13.87329575
14,G2->1,19.47003279999999
