,gestures,intersection
0,G1->0,0.203968253968254
1,G11->0,0.31135531135531136
2,G2->1,0.3283433133732535
3,G4->1,0.34032634032634035
4,G2->2,0.4158496732026144
5,G4->2,0.4444444444444445
6,G2->0,0.573268921095008
7,G6->1,0.5942028985507246
8,G2->3,0.6301369863013698
9,G4->0,0.6822222222222223
10,G3->2,0.6924731182795698
11,G6->3,0.6942355889724311
12,G6->0,0.7261904761904762
13,G3->0,0.7692307692307693
14,G3->3,0.8188405797101449
15,G6->2,0.821656050955414
16,G3->1,0.8217054263565892
