,gestures,intersection
0,G1->0,0.12830687830687829
1,G2->2,0.3088235294117647
2,G4->1,0.37684537684537683
3,G4->2,0.40527065527065526
4,G11->0,0.42694342694342696
5,G2->3,0.45712836123795025
6,G2->1,0.45841650033266806
7,G4->0,0.47111111111111115
8,G3->2,0.524731182795699
9,G6->1,0.5410628019323671
10,G6->3,0.5898078529657477
11,G2->0,0.6044015029522276
12,G3->0,0.6196581196581197
13,G3->1,0.627906976744186
14,G6->2,0.6489738145789101
15,G3->3,0.6642512077294687
16,G6->0,0.7865079365079365
