,gestures,intersection
0,G3->1,109.14602000000002
1,G3->0,114.95857240000001
2,G3->3,139.58144950000002
3,G4->1,228.66647549999993
4,G3->2,233.98291299999994
5,G4->0,320.0709584
6,G4->2,324.54936375
7,G2->0,366.0206528
8,G2->3,394.18870925
9,G6->2,411.3593850000001
10,G6->0,420.2308499999999
11,G2->2,422.2517085000002
12,G6->1,466.8817784000001
13,G11->0,556.772933
14,G2->1,1098.2538448000003
