,gestures,intersection
0,G3->3,6.827267000000003
1,G3->0,7.057957799999999
2,G3->1,8.372333999999999
3,G3->2,13.639543999999997
4,G4->1,13.726061999999999
5,G4->2,13.738306999999999
6,G6->1,14.364138800000001
7,G4->0,16.393686800000005
8,G2->0,18.066909799999998
9,G6->0,19.0068894
10,G6->2,21.559909
11,G2->3,24.046614749999982
12,G11->0,30.309275999999997
13,G2->2,35.42401349999999
14,G2->1,88.79774620000003
