,gestures,intersection
0,G3->1,124.44529599999997
1,G4->1,157.99755175
2,G6->0,232.39076699999995
3,G3->2,242.89175199999997
4,G6->1,256.28134680000005
5,G4->0,272.0156366
6,G6->2,301.53606550000006
7,G3->0,319.1366958
8,G4->2,323.88159349999995
9,G8->0,379.31962000000004
10,G2->3,383.31581124999997
11,G5->0,387.90231299999994
12,G2->2,505.3422479999999
13,G2->0,789.6278577999999
14,G2->1,1098.448531600001
