,gestures,intersection
0,G3->1,43.746717499999995
1,G2->2,122.78082774999996
2,G4->1,124.44282075000002
3,G2->3,134.39713025
4,G3->2,138.1018725
5,G8->0,145.15968166666664
6,G4->0,149.4242432
7,G6->2,159.60749349999998
8,G6->1,167.5436952
9,G4->2,196.31572774999998
10,G5->0,208.13991720000004
11,G3->0,218.31471100000005
12,G6->0,336.77461779999993
13,G2->1,546.6043768000002
14,G2->0,584.6511718000002
