,gestures,intersection
0,G4->1,1055.1274799999997
1,G3->1,1106.1999492500001
2,G3->2,1150.098922
3,G4->0,1569.4332768000008
4,G4->2,1603.6669525
5,G6->2,1656.8391542499992
6,G6->1,1682.8915927999994
7,G8->0,1837.8358496666667
8,G6->0,1861.4984404
9,G3->0,1921.1170372000001
10,G5->0,2015.0125329999998
11,G2->3,2803.410955
12,G2->2,3211.3450587500006
13,G2->0,5299.215338
14,G2->1,9208.635150600006
