,gestures,intersection
0,G4->1,5.0415807500000005
1,G4->2,5.38863975
2,G3->2,5.4029947499999995
3,G3->1,7.368008499999998
4,G2->3,7.6748762500000005
5,G6->2,8.41800425
6,G6->0,9.7046114
7,G6->1,10.1204102
8,G4->0,10.1668818
9,G8->0,11.580767666666668
10,G2->2,12.753846999999997
11,G3->0,13.222009999999997
12,G5->0,18.919729200000003
13,G2->0,22.319174399999998
14,G2->1,38.12832380000001
