,gestures,intersection
0,G3->1,1.9980819999999997
1,G3->2,3.6610250000000013
2,G4->1,3.89037575
3,G4->0,3.9636854000000006
4,G4->2,4.92372625
5,G3->0,5.367310400000001
6,G6->0,5.6655636000000005
7,G6->1,5.715464200000001
8,G6->2,6.159503999999999
9,G2->3,6.513893250000001
10,G8->0,7.4881026666666655
11,G2->2,7.798335749999998
12,G5->0,9.157448000000002
13,G2->0,15.810112800000002
14,G2->1,21.237751000000024
