,gestures,intersection
0,G1->0,0.05555555555555556
1,G8->0,0.07282913165266107
2,G4->0,0.0958904109589041
3,G6->1,0.13589743589743591
4,G3->0,0.1536796536796537
5,G4->1,0.1625
6,G6->3,0.21031746031746032
7,G2->0,0.21240310077519378
8,G2->1,0.22330097087378642
9,G2->2,0.2888888888888889
10,G3->2,0.293859649122807
11,G6->2,0.30303030303030304
12,G5->0,0.35897435897435903
13,G2->3,0.3888888888888889
14,G4->2,0.43543543543543545
15,G6->0,0.4615384615384615
16,G3->1,0.7318840579710145
