,gestures,intersection
0,G8->0,0.17647058823529413
1,G2->0,0.28604651162790695
2,G4->1,0.3625
3,G1->0,0.36363636363636365
4,G6->2,0.3977272727272727
5,G5->0,0.4153846153846154
6,G4->2,0.43243243243243246
7,G3->0,0.487012987012987
8,G4->0,0.4931506849315068
9,G2->1,0.5080906148867314
10,G6->1,0.5461538461538461
11,G6->3,0.5952380952380952
12,G2->2,0.7037037037037037
13,G6->0,0.7307692307692307
14,G3->2,0.7368421052631579
15,G2->3,0.7371794871794872
16,G3->1,0.8695652173913043
