,gestures,intersection
0,G2->0,0.2599483204134367
1,G3->0,0.31601731601731603
2,G1->0,0.31649831649831645
3,G2->1,0.3315354189140597
4,G8->0,0.39495798319327735
5,G4->1,0.4680555555555555
6,G2->2,0.4806584362139918
7,G6->1,0.5256410256410257
8,G4->2,0.5295295295295295
9,G3->2,0.5409356725146198
10,G2->3,0.5498575498575498
11,G3->1,0.5917874396135265
12,G5->0,0.6145299145299146
13,G4->0,0.6286149162861492
14,G6->2,0.6515151515151515
15,G6->3,0.675925925925926
16,G6->0,0.8846153846153846
