,gestures,intersection
0,G6->1,1.0233583615384614
1,G4->1,1.171012775
2,G2->1,1.5269011682847888
3,G2->0,1.5516740325581404
4,G3->0,1.6930903376623372
5,G5->0,1.7522194923076917
6,G3->1,1.8991449999999996
7,G4->0,2.0466765068493156
8,G8->0,2.1747919327731093
9,G2->3,2.179446692307692
10,G4->2,2.244850792792792
11,G6->2,2.4680504204545453
12,G3->2,2.9750473289473685
13,G2->2,3.077429511111111
14,G6->0,7.895951115384616
