,gestures,intersection
0,G4->1,0.3416666666666666
1,G3->0,0.367965367965368
2,G2->0,0.410077519379845
3,G1->0,0.43939393939393945
4,G4->2,0.4954954954954955
5,G8->0,0.5266106442577031
6,G2->1,0.546925566343042
7,G5->0,0.5743589743589744
8,G2->2,0.5753086419753086
9,G2->3,0.6175213675213674
10,G3->2,0.6359649122807017
11,G6->1,0.6461538461538461
12,G4->0,0.6484018264840182
13,G6->3,0.6944444444444445
14,G6->2,0.7196969696969697
15,G3->1,0.8043478260869565
16,G6->0,0.8846153846153846
