,gestures,intersection
0,G2->1,0.3913142686084141
1,G6->1,0.5907162692307691
2,G2->2,0.6865739777777775
3,G2->3,0.6955550256410253
4,G3->1,0.7902478695652171
5,G8->0,0.8988313277310914
6,G6->2,1.0383815227272726
7,G5->0,1.0844165692307695
8,G4->1,1.1536585000000008
9,G4->2,1.2208135045045045
10,G2->0,1.253275469767441
11,G3->0,1.2969585584415584
12,G4->0,1.3914594246575338
13,G3->2,1.5359540789473687
14,G6->0,5.2585781538461545
