,gestures,intersection
0,G4->1,0.1958333333333333
1,G5->0,0.2025641025641026
2,G1->0,0.30303030303030304
3,G8->0,0.3081232492997199
4,G2->3,0.3311965811965812
5,G4->2,0.3753753753753754
6,G6->1,0.3846153846153846
7,G2->0,0.4542635658914729
8,G2->1,0.4617044228694714
9,G3->0,0.49350649350649345
10,G3->1,0.5289855072463768
11,G2->2,0.5456790123456791
12,G3->2,0.5614035087719298
13,G4->0,0.5662100456621004
14,G6->2,0.5946969696969697
15,G6->3,0.6706349206349206
16,G6->0,0.8974358974358975
