,gestures,intersection
0,G3->1,2.4449197500000004
1,G4->1,2.8459125000000003
2,G3->3,2.880521
3,G4->2,2.9929630000000005
4,G6->1,3.2240720000000005
5,G3->2,3.36785725
6,G3->0,4.1344692
7,G4->0,4.4920872
8,G6->2,5.097481999999999
9,G11->0,6.9193897500000014
10,G5->0,7.146937800000001
11,G8->0,8.052880999999998
12,G2->3,9.056834499999997
13,G2->0,9.546817199999998
14,G2->2,9.978151749999997
15,G6->0,10.374734400000003
16,G2->1,48.08814280000003
