,gestures,intersection
0,G3->3,0.12819386666666668
1,G3->0,0.24927169642857142
2,G4->1,0.2601418536585366
3,G2->1,0.29440203555555566
4,G3->1,0.297923462962963
5,G2->3,0.31289680373831785
6,G2->2,0.3436042769230768
7,G8->0,0.37535805084745766
8,G6->1,0.39673800000000004
9,G4->2,0.39945821428571426
10,G2->0,0.44275612500000017
11,G4->0,0.44728140000000005
12,G5->0,0.4586591351351351
13,G6->0,0.47365165333333353
14,G6->2,0.6614009545454543
15,G3->2,0.707707
16,G11->0,0.9997975700934583
