,gestures,intersection
0,G3->1,23.638805499999997
1,G3->3,24.13911725
2,G4->1,26.723557250000006
3,G4->2,34.87521174999999
4,G3->0,37.7811548
5,G6->1,42.0818064
6,G3->2,56.58353425
7,G4->0,65.44784760000002
8,G5->0,67.79027579999999
9,G6->0,71.66044359999998
10,G8->0,79.9128256666667
11,G6->2,80.11761524999999
12,G2->0,88.34844200000002
13,G2->3,100.86336824999988
14,G2->2,136.32751775
15,G11->0,139.72768949999997
16,G2->1,509.68928360000046
