,gestures,intersection
0,G3->0,1.7206543999999995
1,G3->2,1.889526
2,G3->3,1.9470104999999995
3,G3->1,1.98145675
4,G4->2,3.072271999999999
5,G4->1,3.3116844999999997
6,G4->0,3.695290800000001
7,G6->2,3.9520797500000002
8,G6->1,4.147656799999999
9,G8->0,5.075993333333332
10,G2->3,5.556808750000001
11,G6->0,6.144042999999999
12,G2->0,6.632563399999998
13,G2->2,6.6327902499999984
14,G5->0,8.068636799999998
15,G11->0,8.246950000000002
16,G2->1,18.945844999999967
