,gestures,intersection
0,G4->1,1017.3959534999999
1,G3->3,1069.2779135
2,G6->1,1080.0304548
3,G3->0,1083.7138454
4,G3->1,1116.4945445
5,G4->2,1176.92695275
6,G3->2,1188.94284425
7,G4->0,1472.7600373999994
8,G6->2,1517.6877537499995
9,G6->0,1655.1539708
10,G5->0,1759.5441836000005
11,G11->0,1826.7535202500003
12,G8->0,2121.7105856666667
13,G2->3,2647.6134644999997
14,G2->0,2699.8380974
15,G2->2,3425.484141250001
16,G2->1,8791.497872
