,gestures,intersection
0,G3->0,0.9176665892857142
1,G3->2,1.1345885
2,G2->1,1.3760492133333322
3,G2->2,1.5901161897435898
4,G4->0,1.6195142000000005
5,G3->3,1.6842656666666664
6,G4->1,1.8443702317073172
7,G2->0,1.9085239519230777
8,G3->1,1.9747505555555558
9,G8->0,2.1528431807909616
10,G2->3,2.197053654205607
11,G4->2,2.269194107142857
12,G11->0,2.624586308411216
13,G5->0,3.7280745270270272
14,G6->0,4.116836453333332
15,G6->2,4.752534181818182
16,G6->1,5.205138535714288
