,gestures,intersection
0,G3->2,97.91638674999999
1,G3->0,124.49144600000002
2,G3->3,126.43047125000001
3,G3->1,145.08371575000004
4,G4->2,196.72859774999992
5,G4->1,206.67674599999998
6,G4->0,244.190222
7,G6->1,264.42187420000005
8,G6->2,270.64728649999995
9,G2->3,298.37743125
10,G11->0,304.73199500000004
11,G2->0,315.31646600000005
12,G2->2,369.42603824999986
13,G6->0,395.96129720000005
14,G5->0,464.9247868000001
15,G8->0,496.78987000000023
16,G2->1,969.109767000001
