,gestures,intersection
0,G3->1,0.46105919003115264
1,G3->2,0.4671717171717171
2,G2->2,0.48058902275769744
3,G2->1,0.496897913141568
4,G2->0,0.5614552605703048
5,G4->2,0.5964912280701755
6,G8->0,0.6300984528832632
7,G3->3,0.6347381864623244
8,G4->0,0.6564625850340137
9,G11->0,0.6576576576576576
10,G2->3,0.6583592938733126
11,G4->1,0.6633986928104575
12,G6->1,0.6923076923076922
13,G5->0,0.7104377104377103
14,G3->0,0.7446581196581197
15,G6->2,0.8072916666666666
16,G6->0,0.8412698412698413
