,gestures,intersection
0,G4->1,29.5283625
1,G3->3,29.957736000000004
2,G4->2,38.19549099999999
3,G6->1,39.71599959999999
4,G3->2,40.677482999999995
5,G3->0,51.04721759999999
6,G6->0,52.3496458
7,G6->2,60.688655499999996
8,G4->0,66.05797399999999
9,G11->0,66.09585350000002
10,G3->1,70.47142750000003
11,G5->0,88.95345580000004
12,G2->2,98.12834225000005
13,G2->3,115.34899775000001
14,G2->0,154.44038619999995
15,G8->0,194.25179733333337
16,G2->1,651.2472116000006
