,gestures,intersection
0,G4->1,1014.7353687500001
1,G3->3,1064.9995667500004
2,G6->1,1115.9304224
3,G3->2,1141.33458875
4,G3->0,1290.5897356
5,G4->0,1531.087841
6,G4->2,1575.3064377500004
7,G6->2,1698.2769302499996
8,G6->0,1750.3998281999998
9,G5->0,1765.8788909999998
10,G11->0,1878.2296154999995
11,G8->0,2248.619979333333
12,G3->1,2649.6206655000005
13,G2->3,2995.785096750001
14,G2->2,3348.3223184999993
15,G2->0,4118.311845599999
16,G2->1,10800.890280800002
