,gestures,intersection
0,G3->0,3.7065685999999993
1,G4->1,4.4596937500000005
2,G3->3,4.591261749999998
3,G3->2,5.165930250000001
4,G4->0,5.1946402
5,G6->1,5.3198246
6,G11->0,6.215405249999999
7,G3->1,6.689016000000003
8,G4->2,6.754716749999998
9,G5->0,7.488746800000001
10,G6->0,7.690400600000001
11,G6->2,9.61923075
12,G8->0,10.076007333333331
13,G2->2,12.713172249999998
14,G2->3,12.955375499999995
15,G2->0,17.067287599999997
16,G2->1,47.30505559999995
