,gestures,intersection
0,G3->2,1.6560102499999998
1,G3->3,1.9092482499999996
2,G3->0,3.0684962
3,G3->1,4.271269999999998
4,G4->1,4.523364000000001
5,G4->0,5.179869999999999
6,G6->0,5.309441199999998
7,G6->2,5.502183499999999
8,G2->2,6.023882750000002
9,G2->3,6.344803749999999
10,G6->1,6.908131400000002
11,G8->0,7.18082266666667
12,G4->2,8.355457749999998
13,G5->0,8.943709600000002
14,G11->0,9.494484499999999
15,G2->0,12.645790999999997
16,G2->1,23.813751000000003
