,gestures,intersection
0,G3->2,120.74180899999999
1,G3->3,143.77361825000006
2,G3->0,195.43939600000004
3,G3->1,252.56188524999988
4,G6->0,268.1584474
5,G4->0,270.53332939999996
6,G4->1,278.4218525
7,G2->2,298.75714975000005
8,G11->0,335.091949
9,G4->2,347.31325375
10,G6->1,366.9325718
11,G2->3,371.0236259999997
12,G6->2,376.0199662499999
13,G5->0,392.1283754
14,G8->0,566.8706693333334
15,G2->0,633.3740869999999
16,G2->1,1380.7460545999998
