,gestures,intersection
0,G3->2,1.4019012500000003
1,G3->3,1.4374082500000003
2,G3->0,1.5010763999999994
3,G3->1,1.7870079999999997
4,G4->1,2.0095129999999997
5,G4->2,2.847691749999999
6,G6->2,3.8636774999999997
7,G2->2,4.438249249999998
8,G2->3,4.4748452499999996
9,G4->0,5.7041308000000015
10,G2->0,6.339576799999998
11,G6->1,6.639294
12,G6->0,6.946660800000001
13,G11->0,8.779384999999998
14,G5->0,9.068269999999997
15,G2->1,17.5415944
