,gestures,intersection
0,G4->1,1.5688844999999998
1,G3->2,1.5830927499999998
2,G3->3,1.8551062500000004
3,G3->0,1.9973614000000002
4,G3->1,2.1207117500000003
5,G4->2,2.2083390000000005
6,G6->2,3.5487372499999994
7,G6->1,4.056917799999999
8,G4->0,4.584496600000001
9,G2->2,4.831608249999998
10,G11->0,5.023514999999998
11,G2->3,5.58342225
12,G6->0,5.824554999999999
13,G2->0,7.039056
14,G5->0,8.204519199999998
15,G2->1,40.008401399999975
