,gestures,intersection
0,G3->2,120.24352449999999
1,G3->1,147.29550974999998
2,G3->3,166.38544425
3,G3->0,174.1482158
4,G4->1,240.6977025
5,G11->0,273.55055500000003
6,G4->2,282.56059074999985
7,G4->0,294.3969244000001
8,G6->1,308.53595799999994
9,G8->0,359.12313933333326
10,G6->0,401.61928980000005
11,G2->3,414.1660714999999
12,G5->0,442.40790720000007
13,G2->2,461.93721425000007
14,G2->0,482.2134814
15,G6->2,530.6615334999999
16,G2->1,1039.2422568000006
