,gestures,intersection
0,G3->0,801.7537358608998
1,G6->1,808.0977634620161
2,G3->2,859.6358280895743
3,G3->1,869.9692572915376
4,G3->3,917.5783648822901
5,G4->2,1013.0788514783544
6,G4->1,1079.6609845646935
7,G4->0,1195.3177968418154
8,G11->0,1215.202209957636
9,G5->0,1405.6246647150042
10,G6->0,1478.456799382653
11,G6->2,1639.044113181983
12,G8->0,1912.585335083073
13,G2->3,2142.8051560666913
14,G2->0,2296.867799856932
15,G2->2,2827.12008950016
16,G2->1,5451.305122536227
