,gestures,intersection
0,G3->1,2.5300507500000005
1,G3->0,3.3623579999999995
2,G6->1,3.6075902000000006
3,G4->1,3.6448625000000012
4,G3->2,3.7090989999999993
5,G3->3,4.8158155
6,G4->0,5.0073966
7,G4->2,6.586266999999999
8,G11->0,7.331182999999998
9,G8->0,8.156192
10,G6->2,8.982089499999999
11,G5->0,9.243840800000001
12,G6->0,9.512452
13,G2->2,11.784301750000004
14,G2->3,13.372558249999997
15,G2->0,16.070953199999998
16,G2->1,46.09560420000001
