,gestures,intersection
0,G6->1,1072.0743267999999
1,G3->0,1079.2513506000003
2,G3->1,1124.599402
3,G3->2,1152.1657202499998
4,G3->3,1215.9841412500002
5,G4->1,1400.3300434999999
6,G4->2,1434.2806387500002
7,G4->0,1501.4654374000002
8,G11->0,1749.988668
9,G5->0,1786.6641943999998
10,G6->0,1886.5279139999996
11,G8->0,1995.860187666666
12,G6->2,2194.7653695
13,G2->3,3267.8072027499998
14,G2->0,3436.0927435999984
15,G2->2,4121.061300000001
16,G2->1,8745.318158400007
