,gestures,intersection
0,G3->3,20.786156750000004
1,G3->1,32.00090125
2,G3->2,34.79917225
3,G4->2,37.524621
4,G4->1,44.39862525000001
5,G6->1,49.117734599999984
6,G3->0,53.70299340000001
7,G6->0,62.3684124
8,G11->0,65.57435050000001
9,G4->0,66.60598200000001
10,G6->2,84.15721149999999
11,G5->0,86.8540624
12,G2->3,110.9598885
13,G8->0,126.65389933333336
14,G2->2,215.94615900000002
15,G2->0,243.78760679999996
16,G2->1,502.3669716000003
