,gestures,intersection
0,G3->2,1.779996
1,G3->0,2.1317519999999996
2,G3->3,2.4556392500000004
3,G3->1,2.55819475
4,G4->0,4.696330399999999
5,G6->1,5.3696032
6,G8->0,5.591262666666665
7,G4->2,5.621864750000002
8,G4->1,6.274619
9,G2->3,6.314391250000001
10,G6->2,7.1561235000000005
11,G2->2,7.179703500000001
12,G6->0,7.383704800000001
13,G11->0,8.737863999999997
14,G5->0,8.787444
15,G2->0,8.864932800000002
16,G2->1,20.078543600000017
