,gestures,intersection
0,G3->1,2.714637250000001
1,G3->2,2.9367480000000006
2,G4->0,3.1484282000000006
3,G3->3,3.9014325000000003
4,G4->2,3.938513999999999
5,G6->1,4.0107496000000005
6,G3->0,4.943762600000001
7,G6->2,5.4250135
8,G4->1,6.333278000000001
9,G11->0,7.275957499999997
10,G5->0,8.035576400000002
11,G2->2,9.52805225
12,G6->0,9.694975199999998
13,G2->0,11.8042034
14,G8->0,13.491623333333331
15,G2->3,24.088849750000012
16,G2->1,37.137528399999965
