,gestures,intersection
0,G3->1,116.84812900000003
1,G3->2,119.91824700000001
2,G3->0,157.76866639999997
3,G3->3,197.06331425000002
4,G4->2,301.61902724999993
5,G4->0,310.8007413999998
6,G4->1,358.4035110000001
7,G2->0,359.94758939999986
8,G2->2,369.90638150000007
9,G6->1,372.3957515999999
10,G11->0,394.86332025
11,G6->2,406.41527325
12,G5->0,450.2405576
13,G6->0,554.5645876000001
14,G8->0,599.536768333333
15,G2->3,841.1403170000006
16,G2->1,1248.5570536
