,gestures,intersection
0,G3->1,1108.2857477500002
1,G6->1,1143.1000502
2,G4->2,1154.2982555
3,G3->2,1159.2110392499999
4,G3->3,1169.4531005
5,G4->0,1432.1835228
6,G6->2,1474.7951920000005
7,G4->1,1664.7841354999998
8,G3->0,1688.8327424000004
9,G11->0,1786.6343980000001
10,G5->0,1890.5952576000004
11,G2->0,2626.8817908
12,G6->0,2657.4182259999993
13,G8->0,2723.376111
14,G2->2,3826.7491070000005
15,G2->3,6886.517470250004
16,G2->1,9296.472316000003
