,gestures,intersection
0,G3->3,20.376661
1,G3->2,24.797271499999997
2,G4->2,27.904290500000002
3,G3->1,29.632172499999996
4,G4->1,41.046906749999984
5,G6->1,43.584447
6,G3->0,53.08715480000001
7,G4->0,61.95968360000002
8,G6->2,63.05506999999996
9,G11->0,72.78741149999999
10,G2->2,78.02036625000002
11,G5->0,105.39002900000003
12,G8->0,119.7946026666667
13,G2->0,124.73193780000001
14,G6->0,201.99965939999993
15,G2->3,237.30940099999995
16,G2->1,524.2750258000003
