,gestures,intersection
0,G3->1,1.73390125
1,G3->2,1.7672542500000006
2,G3->3,2.4963109999999995
3,G3->0,2.8715340000000005
4,G4->2,3.9081669999999997
5,G4->0,4.162449200000002
6,G6->1,5.625418999999999
7,G6->2,6.3106895000000005
8,G2->0,6.618948600000001
9,G2->2,7.09444875
10,G5->0,8.232572199999998
11,G6->0,8.3672456
12,G8->0,10.529830333333331
13,G11->0,10.645175999999998
14,G4->1,11.060589000000002
15,G2->3,16.393347
16,G2->1,22.78047199999999
