,gestures,intersection
0,G3->3,1.9946119999999996
1,G3->2,2.2964667500000004
2,G3->0,4.6928399999999995
3,G3->1,4.9278854999999995
4,G4->2,5.710258750000001
5,G11->0,6.1402719999999995
6,G2->3,6.717203500000002
7,G6->2,7.480476250000001
8,G4->0,7.767080999999999
9,G4->1,8.583570249999998
10,G5->0,9.0874414
11,G2->2,11.349951999999998
12,G6->1,17.3977254
13,G2->0,17.88927139999999
14,G6->0,19.749603600000007
15,G8->0,25.88974366666667
16,G2->1,65.77646479999993
