,gestures,intersection
0,G3->3,14.19692225
1,G4->2,15.624775499999995
2,G3->1,21.497087500000003
3,G3->2,25.5634285
4,G4->1,26.492811499999995
5,G4->0,60.62815759999997
6,G11->0,64.186586
7,G3->0,79.42082339999999
8,G5->0,88.57874640000001
9,G2->3,95.12105999999994
10,G2->0,113.15005020000001
11,G6->2,131.00054599999999
12,G2->2,184.8559475
13,G6->0,202.50377280000004
14,G6->1,264.81913
15,G8->0,414.35433766666665
16,G2->1,504.79515199999935
