,gestures,intersection
0,G3->2,1.6284055000000004
1,G3->3,1.81700725
2,G3->1,2.5174054999999997
3,G3->0,3.1167866
4,G4->2,4.990403000000001
5,G4->0,5.073162999999999
6,G6->2,5.827008750000001
7,G2->3,6.866112750000003
8,G4->1,7.840076999999999
9,G11->0,9.87720325
10,G5->0,10.665014599999997
11,G6->0,12.066368600000004
12,G2->2,12.558490000000004
13,G6->1,13.510263999999998
14,G2->0,15.749221600000002
15,G8->0,18.30170566666666
16,G2->1,21.251778200000004
