,gestures,intersection
0,G11->0,444.79661899999985
1,G3->2,494.46813724999987
2,G3->3,504.66936050000004
3,G3->1,534.30742025
4,G6->2,710.6097185000002
5,G4->2,893.1297242500002
6,G4->0,1058.0936299999998
7,G3->0,1102.3793842
8,G4->1,1156.5553069999996
9,G5->0,1196.1812750000001
10,G2->3,1286.1637874999992
11,G2->2,2084.4953802499995
12,G6->0,2241.7569845999997
13,G6->1,2597.3339251999982
14,G8->0,3712.4742999999985
15,G2->1,3884.564453799998
16,G2->0,3917.8563576000015
