,gestures,intersection
0,G3->2,138.94179025
1,G3->3,149.43533049999996
2,G3->1,163.610204
3,G3->0,220.4982134
4,G4->0,284.2376321999999
5,G11->0,302.0595875
6,G4->2,347.2174557500001
7,G6->2,401.3572055
8,G4->1,435.58946050000014
9,G2->3,454.0118577500001
10,G5->0,490.6573361999998
11,G6->0,607.8058105999999
12,G6->1,650.9333763999999
13,G2->0,667.3050623999998
14,G2->2,762.1093537500001
15,G8->0,1028.2068106666666
16,G2->1,1088.0367308000011
