,gestures,intersection
0,G3->2,1.9040195000000002
1,G3->3,2.1322935
2,G3->1,2.29085025
3,G3->0,3.0704385999999992
4,G4->1,3.509795999999999
5,G4->2,3.808787249999999
6,G6->2,4.482629749999999
7,G6->1,4.807066799999999
8,G2->2,5.307027499999998
9,G8->0,5.927721666666668
10,G6->0,6.298501399999999
11,G4->0,7.134988800000002
12,G2->0,7.4297178000000015
13,G2->3,8.170987249999998
14,G11->0,9.135480500000002
15,G5->0,11.5344978
16,G2->1,18.366244399999992
