,gestures,intersection
0,G3->1,130.35543274999998
1,G3->2,150.0755675
2,G3->3,160.58635475000005
3,G4->1,167.081668
4,G3->0,173.72379980000002
5,G4->2,213.99852675
6,G11->0,271.88099000000005
7,G6->2,287.2738422500001
8,G2->2,288.80709225
9,G4->0,311.94358260000007
10,G6->1,315.736202
11,G6->0,357.15313580000003
12,G8->0,402.1172716666667
13,G5->0,415.2546354
14,G2->3,423.36030700000015
15,G2->0,430.462321
16,G2->1,904.5456436000004
