,gestures,intersection
0,G4->1,19.8746225
1,G4->2,22.146728000000003
2,G3->1,33.650344000000004
3,G3->3,37.45599375
4,G3->2,40.83065824999999
5,G6->1,43.35713219999999
6,G6->2,43.526346
7,G6->0,54.56836120000001
8,G11->0,62.05709725000001
9,G3->0,68.33306140000002
10,G5->0,71.97360060000001
11,G4->0,83.16328319999998
12,G8->0,139.99169700000002
13,G2->2,160.33888824999985
14,G2->0,161.4072546
15,G2->3,192.46203800000006
16,G2->1,771.0887971999991
