,gestures,intersection
0,G4->1,831.2728944999999
1,G6->1,1096.8747706
2,G3->3,1107.00398425
3,G4->2,1147.2378510000003
4,G3->2,1148.1763935000001
5,G3->1,1152.0001102499998
6,G3->0,1403.4068318000004
7,G4->0,1433.7240418
8,G6->2,1474.1161199999995
9,G6->0,1621.7271990000002
10,G11->0,1739.4753622499998
11,G5->0,1761.6983008
12,G8->0,2024.2360176666662
13,G2->0,2960.3099004
14,G2->2,3296.2044934999985
15,G2->3,4390.26287375
16,G2->1,9027.8158762
