,gestures,intersection
0,G4->1,2.27494525
1,G3->1,3.0245495
2,G3->2,3.5644570000000004
3,G3->3,3.9544479999999993
4,G6->1,4.025229000000001
5,G3->0,4.253180199999999
6,G4->2,4.561821250000001
7,G6->2,5.55608675
8,G11->0,6.096670750000001
9,G4->0,6.625078199999999
10,G5->0,8.033557399999998
11,G6->0,8.151186
12,G8->0,8.608162333333334
13,G2->2,9.196065250000004
14,G2->0,15.408833999999995
15,G2->3,16.4381555
16,G2->1,41.445706000000015
