,gestures,intersection
0,G3->0,26.6228274
1,G6->1,32.30570300000001
2,G4->1,33.82851075
3,G3->2,47.504594499999996
4,G4->0,49.02851079999998
5,G3->3,53.30090374999999
6,G6->2,61.583082499999996
7,G3->1,65.88448249999999
8,G6->0,71.174381
9,G4->2,86.69379950000003
10,G2->0,113.33373819999997
11,G11->0,150.43779099999998
12,G2->3,218.13889925000007
13,G2->2,259.4229910000002
14,G5->0,415.4616058
15,G2->1,712.1860754000006
