,gestures,intersection
0,G3->0,2.3315466000000002
1,G3->1,3.040721500000001
2,G3->3,3.1846129999999997
3,G4->0,4.927250999999998
4,G4->1,5.248049499999999
5,G6->2,6.181027250000001
6,G6->1,7.936169999999997
7,G3->2,8.88234875
8,G6->0,9.1137998
9,G2->3,9.204339750000004
10,G4->2,9.618603499999997
11,G2->0,10.8603792
12,G2->2,12.66032425
13,G11->0,18.187544999999997
14,G5->0,22.252382800000003
15,G2->1,47.47501059999993
