,gestures,intersection
0,G3->0,1.8835837999999998
1,G3->1,1.9532884999999998
2,G3->3,2.63471175
3,G4->1,4.6062695
4,G6->2,4.621800499999999
5,G4->0,5.0098758
6,G3->2,5.170121499999999
7,G6->1,5.7262862000000005
8,G6->0,6.638829400000001
9,G4->2,6.846892249999999
10,G2->0,7.066775
11,G2->3,7.79769975
12,G2->2,8.118532499999997
13,G5->0,15.068408400000001
14,G2->1,18.568394999999995
15,G11->0,21.03524675
