,gestures,intersection
0,G3->0,1054.1657918
1,G3->1,1171.7083725
2,G6->1,1410.3006163999999
3,G3->3,1447.8351247499997
4,G4->0,1450.9918089999996
5,G6->2,1777.9244967500008
6,G4->1,1793.5531687500006
7,G6->0,2015.141442
8,G4->2,3011.390961499999
9,G3->2,3055.8474665000012
10,G2->0,3518.1358669999995
11,G11->0,3597.4783107499998
12,G5->0,3696.9872851999994
13,G2->3,4190.967996000003
14,G2->2,4769.1439275
15,G2->1,8324.677795600006
