,gestures,intersection
0,G3->0,164.61176619999998
1,G3->1,186.29575600000004
2,G3->3,195.44275374999998
3,G4->1,238.98403825
4,G3->2,327.13871200000017
5,G4->0,336.5946293999999
6,G6->2,339.2347517500001
7,G6->1,339.7155482
8,G2->0,378.0844391999999
9,G6->0,433.28458620000004
10,G4->2,517.8115785
11,G2->3,544.5999109999998
12,G11->0,563.9779412499998
13,G2->2,603.9948595000002
14,G5->0,890.1025361999997
15,G2->1,929.0821132000004
