,gestures,intersection
0,G3->2,0.06285167021276594
1,G2->3,0.06425776470588236
2,G4->2,0.06854327586206893
3,G2->2,0.07004710499999998
4,G2->0,0.07065752402745998
5,G6->2,0.07275719213973797
6,G6->0,0.07653845161290324
7,G4->1,0.07697631120331942
8,G2->1,0.078864401622718
9,G11->0,0.08000502573529418
10,G3->0,0.08258528155339805
11,G4->0,0.09542372727272729
12,G3->1,0.10328185714285712
13,G6->1,0.10378547340425537
