,gestures,intersection
0,G3->2,111.71411774999997
1,G3->0,169.23665519999994
2,G3->1,177.65369800000005
3,G4->2,178.1987279999999
4,G2->2,304.11060075
5,G6->0,312.9904034000001
6,G2->3,315.37052875
7,G4->0,333.41943200000003
8,G11->0,386.0444019999994
9,G4->1,391.2626415
10,G6->2,425.35328425
11,G6->1,461.23399599999993
12,G2->0,557.988262
13,G2->1,1089.4565791999999
