,gestures,intersection
0,G4->1,0.1950207468879668
1,G4->2,0.25
2,G11->0,0.34558823529411764
3,G1->0,0.362962962962963
4,G2->1,0.3935091277890467
5,G6->0,0.43548387096774194
6,G6->2,0.45414847161572053
7,G6->1,0.4574468085106383
8,G2->0,0.4691075514874142
9,G2->3,0.5775401069518716
10,G3->0,0.7281553398058253
11,G3->1,0.7301587301587301
12,G2->2,0.75
13,G4->0,0.8512396694214877
14,G6->3,0.8571428571428571
15,G3->2,0.8829787234042553
