,gestures,intersection
0,G3->2,587.3975605
1,G11->0,788.3598814999998
2,G4->2,848.232413
3,G3->0,883.3808177999999
4,G3->1,917.5371684999998
5,G4->0,967.7615232000002
6,G6->0,1132.0021904
7,G2->3,1251.0855015
8,G6->1,1252.4759628000004
9,G4->1,1314.2432785
10,G6->2,1317.3492975
11,G2->2,1746.9185860000002
12,G2->0,2625.8970814000004
13,G2->1,5741.033347200003
