,gestures,intersection
0,G2->1,0.11506242190669379
1,G3->2,0.15930457446808519
2,G2->2,0.19420185499999998
3,G2->0,0.20534138901601848
4,G2->3,0.20829621925133696
5,G3->0,0.22457334951456315
6,G3->1,0.22885790476190468
7,G4->2,0.2629319913793103
8,G6->0,0.3358728387096775
9,G4->0,0.3740754545454549
10,G4->1,0.4184350497925312
11,G6->1,0.4482486117021277
12,G6->2,0.6879962489082968
13,G11->0,0.8303345404411759
