,gestures,intersection
0,G4->1,0.02074688796680498
1,G1->0,0.046913580246913576
2,G2->3,0.05169340463458111
3,G11->0,0.07720588235294118
4,G3->2,0.08156028368794326
5,G2->0,0.10068649885583525
6,G4->0,0.11294765840220385
7,G4->2,0.15804597701149425
8,G2->2,0.3166666666666667
9,G2->1,0.34212305611899935
10,G6->2,0.39446870451237265
11,G6->3,0.411764705882353
12,G3->1,0.42857142857142855
13,G6->1,0.43971631205673756
14,G6->0,0.5887096774193549
15,G3->0,0.6407766990291263
