,gestures,intersection
0,G4->1,0.1825726141078838
1,G2->2,0.3316666666666667
2,G4->2,0.3649425287356322
3,G1->0,0.3703703703703704
4,G11->0,0.38602941176470584
5,G2->0,0.410373760488177
6,G2->1,0.4550371872887086
7,G2->3,0.5026737967914439
8,G6->1,0.5620567375886525
9,G4->0,0.5867768595041323
10,G3->0,0.627831715210356
11,G3->1,0.6534391534391535
12,G6->0,0.6827956989247311
13,G3->2,0.7269503546099291
14,G6->2,0.7321688500727802
15,G6->3,0.7450980392156863
