,gestures,intersection
0,G3->1,2.0045912500000003
1,G3->0,2.0128926
2,G3->2,2.0848329999999993
3,G4->2,3.3446770000000017
4,G4->0,3.9986940000000017
5,G4->1,5.139240750000003
6,G6->0,5.2650176
7,G2->2,5.627015250000001
8,G2->3,6.516362749999999
9,G6->2,7.172138249999997
10,G6->1,7.5219526000000005
11,G11->0,11.480477499999996
12,G2->0,12.379730600000006
13,G2->1,20.249180000000017
