,gestures,intersection
0,G1->0,0.1580246913580247
1,G4->2,0.25862068965517243
2,G4->1,0.2627939142461964
3,G11->0,0.3504901960784314
4,G2->2,0.37666666666666665
5,G6->1,0.43971631205673756
6,G3->2,0.4609929078014184
7,G6->2,0.5065502183406113
8,G2->3,0.5222816399286988
9,G2->1,0.5334685598377282
10,G6->3,0.5742296918767508
11,G2->0,0.585812356979405
12,G3->1,0.5899470899470899
13,G3->0,0.6375404530744336
14,G4->0,0.6556473829201103
15,G6->0,0.7204301075268816
