,gestures,intersection
0,G4->1,0.25311203319502074
1,G2->1,0.2582826233941853
2,G1->0,0.27242798353909464
3,G2->0,0.28476989575387746
4,G4->0,0.35169880624426075
5,G4->2,0.3879310344827587
6,G11->0,0.43913398692810457
7,G2->2,0.4627777777777778
8,G3->2,0.48108747044917255
9,G2->3,0.5240641711229946
10,G3->0,0.5533980582524272
11,G6->1,0.5862884160756501
12,G3->1,0.6190476190476191
13,G6->2,0.6705482775351771
14,G6->3,0.7366946778711484
15,G6->0,0.7508960573476702
