,gestures,intersection
0,G3->0,130.9621356
1,G4->1,135.03267175
2,G3->2,135.520849
3,G3->1,153.17464275
4,G4->2,169.03400025000002
5,G8->0,186.11554433333345
6,G3->3,187.89810600000004
7,G11->0,229.89233849999982
8,G4->0,247.51699019999992
9,G6->2,298.1483692500001
10,G2->0,321.45258980000006
11,G2->2,336.59839050000005
12,G6->0,345.40125220000004
13,G6->1,345.90651599999995
14,G2->3,372.13404799999995
15,G5->0,405.8172081999999
16,G2->1,927.4085149999989
