,gestures,intersection
0,G4->2,0.2573003529411765
1,G2->3,0.26486567914438486
2,G2->0,0.2966415987841944
3,G3->1,0.2987376805555554
4,G5->0,0.33355410862619816
5,G3->2,0.3353579642857143
6,G2->2,0.3813003322368421
7,G3->3,0.40130613669064735
8,G8->0,0.4192443205128205
9,G4->0,0.4239653692307693
10,G2->1,0.46357193120393175
11,G4->1,0.5184478461538461
12,G6->1,0.5501585
13,G3->0,0.6077434146341466
14,G6->0,0.7414540629370622
15,G6->2,1.00471465
