,gestures,intersection
0,G2->3,0.7803689108734404
1,G2->0,0.8137319027355622
2,G3->3,0.8616290647482016
3,G2->1,0.991717609336609
4,G3->0,1.1209230000000001
5,G5->0,1.2635090255591037
6,G2->2,1.3004510032894727
7,G3->2,1.3059491666666674
8,G3->1,1.4566597916666668
9,G4->2,1.5859882794117646
10,G8->0,1.7312441538461543
11,G4->1,1.835518096153846
12,G4->0,1.865952630769231
13,G6->0,2.8271840209790233
14,G6->1,2.9749734999999995
15,G6->2,3.4254445500000004
