,gestures,intersection
0,G3->1,28.981255249999997
1,G4->2,32.373323750000004
2,G6->1,36.925725
3,G4->1,39.02600449999999
4,G3->2,39.595073000000006
5,G8->0,49.30929066666666
6,G4->0,57.08462259999999
7,G3->0,66.43276220000001
8,G3->3,74.39056474999998
9,G6->2,129.04630099999997
10,G2->0,140.11880980000004
11,G6->0,146.7461784
12,G5->0,161.21892140000006
13,G2->2,222.83770550000014
14,G2->3,365.21414549999974
15,G2->1,655.9818381999996
