,gestures,intersection
0,G6->1,4.91270415167798
1,G3->3,5.679744397731594
2,G6->0,5.74603966489747
3,G3->2,6.010221604226931
4,G4->2,6.117774333782257
5,G2->2,6.675568244186372
6,G2->3,6.702151095172378
7,G2->1,6.920248526147285
8,G6->2,7.12043798673964
9,G8->0,7.339421134144477
10,G4->0,7.681717148398979
11,G5->0,7.87976266347304
12,G2->0,7.9116558769384735
13,G3->1,7.983406104456048
14,G4->1,8.61783915072093
15,G3->0,14.403361206263165
