,gestures,intersection
0,G3->2,130.27999075000002
1,G3->0,133.6630062
2,G3->1,134.277252
3,G4->1,155.79975000000002
4,G3->3,177.33227249999993
5,G4->2,178.2894102499999
6,G6->1,242.21953960000002
7,G8->0,244.8833383333334
8,G4->0,250.06469220000002
9,G6->2,344.21810975000005
10,G2->0,395.6747932
11,G6->0,458.2491760000001
12,G2->2,466.80946724999967
13,G2->3,494.0271227499998
14,G5->0,494.5322901999999
15,G2->1,1010.2872560000011
