,gestures,intersection
0,G3->0,1.7406292
1,G3->1,2.0797437500000004
2,G3->2,2.5166342500000005
3,G3->3,2.7651482499999993
4,G4->1,2.8801695000000005
5,G4->2,3.3863577499999997
6,G4->0,3.5821932
7,G8->0,3.7436696666666656
8,G6->1,4.1875306000000005
9,G6->2,5.956122249999999
10,G2->2,7.983008000000002
11,G6->0,8.621914199999997
12,G2->0,10.813901599999998
13,G2->3,11.888439500000002
14,G5->0,12.4643834
15,G2->1,21.36584399999999
