,gestures,intersection
0,G3->1,2.6666969999999997
1,G4->1,2.6808495
2,G4->2,2.82922425
3,G6->1,3.2813046
4,G3->0,3.6805044000000002
5,G3->2,4.090340250000001
6,G3->3,4.73724275
7,G4->0,5.1264683999999985
8,G6->2,5.816551
9,G6->0,8.8970466
10,G8->0,9.468218666666663
11,G2->2,9.95778225
12,G2->3,15.62649374999999
13,G5->0,18.350258599999997
14,G2->0,19.867267599999998
15,G2->1,50.81257899999997
