,gestures,intersection
0,G3->1,123.23013550000002
1,G3->2,124.241174
2,G3->3,140.60172674999998
3,G4->1,178.31748849999997
4,G3->0,210.89299740000007
5,G4->2,214.64829225000003
6,G11->0,269.9850355
7,G4->0,290.21904299999994
8,G6->1,296.9147388
9,G6->2,330.93201724999994
10,G2->2,348.60024050000004
11,G2->3,376.15106375000016
12,G6->0,460.15075959999996
13,G2->0,524.3625143999997
14,G2->1,973.1162130000005
