,gestures,intersection
0,G3->2,1.63055725
1,G3->1,1.7758027499999998
2,G3->3,2.0217002500000003
3,G3->0,2.8430154000000005
4,G4->1,3.072448999999999
5,G4->2,3.6774672499999994
6,G4->0,3.9365467999999995
7,G6->1,4.6515835999999995
8,G6->2,5.035306999999999
9,G2->2,5.693569249999998
10,G2->3,6.191346500000001
11,G6->0,7.095847400000001
12,G11->0,7.963299750000001
13,G2->0,11.131835400000002
14,G2->1,17.772249399999986
