,gestures,intersection
0,G3->1,514.0709210000001
1,G11->0,519.3170437499999
2,G4->1,541.504428
3,G3->3,567.42430075
4,G6->1,571.6108855999998
5,G3->2,615.15263875
6,G4->2,769.855198
7,G6->2,809.7187162500002
8,G4->0,950.9898266
9,G3->0,1220.9326948
10,G6->0,1371.3978311999995
11,G2->3,1499.0303715000002
12,G2->2,1582.6640329999993
13,G2->0,2149.981354000001
14,G2->1,3979.2275561999995
