,gestures,intersection
0,G3->1,14.64744975
1,G3->2,20.961657000000002
2,G3->3,22.542606999999997
3,G4->1,46.1029965
4,G4->2,55.0290965
5,G3->0,61.0521262
6,G6->1,61.24476240000001
7,G4->0,70.1497404
8,G2->2,77.17258224999996
9,G2->3,88.12270175000002
10,G6->2,108.12277874999998
11,G6->0,121.60339359999998
12,G11->0,162.91053274999993
13,G2->0,303.91480780000006
14,G2->1,497.1287124000005
