,gestures,intersection
0,G3->2,8.89400075
1,G4->1,8.95916275
2,G3->3,8.9712735
3,G3->1,9.105043749999998
4,G4->2,10.798872499999998
5,G6->1,12.267464999999998
6,G4->0,13.41618
7,G11->0,15.873139499999997
8,G6->2,16.25230425
9,G3->0,16.3681862
10,G6->0,22.07408440000001
11,G2->2,23.066225
12,G2->3,27.31387975000001
13,G2->0,30.105295800000004
14,G2->1,80.49870239999987
