,gestures,intersection
0,G2->1,0.15055785382976059
1,G1->0,0.24858757062146894
2,G2->0,0.5531914893617021
3,G5->0,0.6118143459915611
4,G3->0,0.6969696969696969
5,G4->0,0.7543859649122807
6,G6->1,0.7642276422764228
7,G6->0,0.7886178861788619
