,gestures,intersection
0,G3->0,425.6112952
1,G6->1,505.43918620000005
2,G4->0,630.0565210000001
3,G6->0,811.5392691999999
4,G2->0,863.7920033999995
5,G5->0,874.1364110000001
6,G2->1,11503.893574200007
