,gestures,intersection
0,G3->0,2.902645800000001
1,G4->1,4.290184999999999
2,G11->0,4.411827
3,G3->3,4.72799225
4,G4->0,4.7819313999999995
5,G6->0,5.7788716
6,G2->2,6.7271007500000035
7,G3->2,6.836867249999999
8,G2->3,7.345196999999999
9,G6->2,7.349298249999997
10,G2->0,8.131711800000001
11,G5->0,13.807862400000001
12,G3->1,15.823589500000008
13,G6->1,19.866844199999985
14,G8->0,27.108256666666666
15,G2->1,47.832562800000076
