,gestures,intersection
0,G11->0,423.83638174999993
1,G4->1,431.8369440000001
2,G3->0,601.6069779999998
3,G3->3,624.3689587499998
4,G4->0,685.6164477999998
5,G3->2,760.3668989999999
6,G5->0,810.2554026
7,G6->2,908.4385852499998
8,G6->0,944.1555344000001
9,G2->0,1049.8785365999997
10,G2->2,1090.5731925
11,G2->3,1564.4210842499997
12,G6->1,1781.6575052
13,G3->1,2248.060016999999
14,G8->0,2722.5114829999993
15,G2->1,4076.3584459999984
