,gestures,intersection
0,G3->2,2.0972214999999994
1,G3->0,2.0994688
2,G3->3,2.124244
3,G4->1,2.581686499999999
4,G4->0,3.632253
5,G6->2,5.9993162500000015
6,G6->0,6.625251400000001
7,G2->3,7.421725249999998
8,G2->0,7.476604399999998
9,G3->1,7.743285499999999
10,G11->0,8.1076665
11,G2->2,8.66110425
12,G5->0,9.450883
13,G6->1,13.781511000000004
14,G8->0,15.017871666666666
15,G2->1,24.522438199999982
