,gestures,intersection
0,G3->0,1.02222495
1,G4->1,1.1760531666666667
2,G2->3,1.198784973941368
3,G2->2,1.2405323691756267
4,G2->0,1.2632937136150233
5,G2->1,1.2965156014669927
6,G3->1,1.411030553370787
7,G4->0,1.4752878124999997
8,G3->2,1.5736886464646465
9,G8->0,1.749406080519481
10,G11->0,1.8061581000000015
11,G6->1,1.8974776647887333
12,G3->3,1.930661552631579
13,G6->2,2.5097211854838704
14,G6->0,2.547177678321679
15,G5->0,2.553274320754716
