,gestures,intersection
0,G4->1,12.95530275
1,G3->3,14.356749749999999
2,G3->2,19.302239000000004
3,G4->0,41.822736199999994
4,G6->0,43.115956600000004
5,G3->0,48.936946999999996
6,G6->2,55.397079749999975
7,G2->0,61.3468924
8,G11->0,79.63726500000001
9,G5->0,84.7464348
10,G2->2,87.43704074999998
11,G2->3,94.9060225
12,G6->1,107.38252579999998
13,G3->1,366.13371674999996
14,G8->0,420.609928
15,G2->1,467.91182279999975
