,gestures,intersection
0,G6->1,4.665043229802666
1,G3->0,5.574673208083238
2,G6->0,5.69805245588599
3,G3->2,6.42618509796327
4,G3->3,6.568216037944439
5,G8->0,6.91899522439268
6,G2->3,6.942262081980615
7,G4->2,7.118361518191712
8,G4->1,7.248382198107834
9,G11->0,7.326405184093812
10,G4->0,7.406372649031873
11,G2->2,7.650641558895703
12,G3->1,7.805796798344178
13,G6->2,7.982718859213561
14,G2->0,8.041581930433185
15,G2->1,8.190810420022114
16,G5->0,9.57010178006789
