,gestures,intersection
0,G3->1,1.641406
1,G3->2,1.8861197499999998
2,G3->3,2.093171
3,G3->0,2.1900022
4,G4->1,3.0553942499999995
5,G4->2,3.748962500000001
6,G4->0,4.845890799999999
7,G2->2,5.60030925
8,G6->2,5.872189250000002
9,G6->0,6.5616547999999995
10,G2->0,6.9091238000000015
11,G2->3,7.615944750000003
12,G6->1,8.250725599999999
13,G5->0,9.644822999999995
14,G11->0,11.001493500000002
15,G8->0,11.369489666666666
16,G2->1,17.82135319999999
