,gestures,intersection
0,G3->3,28.137906750000006
1,G4->1,32.83343875
2,G3->2,37.17550049999999
3,G4->2,37.84644575
4,G3->0,40.0105166
5,G3->1,48.3376445
6,G4->0,49.0194444
7,G6->1,72.7609616
8,G6->0,73.80600460000002
9,G6->2,87.61915925
10,G5->0,91.26788599999999
11,G2->0,96.48764240000003
12,G11->0,136.70718575
13,G2->2,191.3523375000001
14,G2->3,238.0048840000001
15,G8->0,331.76003499999985
16,G2->1,693.6564269999997
