,gestures,intersection
0,G3->1,2.2656760000000005
1,G3->2,2.5945334999999994
2,G3->3,2.5998885
3,G3->0,2.746233
4,G4->1,3.5062425
5,G4->0,4.187618200000001
6,G4->2,4.359342999999999
7,G6->0,6.9407631999999975
8,G6->2,7.320414000000001
9,G11->0,8.607011250000005
10,G6->1,8.7901756
11,G2->2,8.877573999999997
12,G5->0,9.189880600000004
13,G2->0,9.342989600000001
14,G2->3,15.014989750000002
15,G8->0,22.226266000000006
16,G2->1,41.16025319999992
