,gestures,intersection
0,G3->1,112.82962649999999
1,G3->2,123.0083155
2,G4->1,136.71852775
3,G3->3,139.113405
4,G3->0,167.70299760000003
5,G4->2,194.42418100000003
6,G4->0,269.28775619999993
7,G2->2,291.61898400000007
8,G6->0,363.3074036000001
9,G11->0,381.10779975
10,G2->0,405.5587933999999
11,G6->2,407.1664407499999
12,G2->3,414.81119524999997
13,G5->0,417.28894040000006
14,G6->1,519.6457657999997
15,G8->0,702.8843243333331
16,G2->1,978.9087671999984
