,gestures,intersection
0,G3->1,1130.94466325
1,G4->1,1195.81991225
2,G3->2,1204.9049590000002
3,G3->0,1257.7183347999999
4,G3->3,1345.7172007499998
5,G4->0,1453.0223054
6,G4->2,1645.0198367500002
7,G6->0,1863.6379069999998
8,G6->1,2025.0359704000007
9,G11->0,2288.3748922499994
10,G5->0,2392.69332
11,G6->2,2471.8415772500007
12,G2->0,2802.958150200001
13,G2->2,3478.7340544999997
14,G8->0,4520.280911999999
15,G2->3,6681.338115250002
16,G2->1,8082.100370199997
