,gestures,intersection
0,G3->3,1.5791067500000002
1,G3->2,1.63778375
2,G3->1,1.7873367500000001
3,G3->0,1.791554
4,G4->1,2.2508170000000005
5,G4->2,4.03913725
6,G4->0,4.4370314
7,G8->0,4.635555333333335
8,G2->3,5.469211250000002
9,G2->2,5.635249250000001
10,G6->1,5.9481128000000005
11,G6->2,6.166974749999999
12,G2->0,6.499825599999999
13,G6->0,6.6604686
14,G11->0,7.810323249999996
15,G5->0,8.4109316
16,G2->1,21.448557000000026
