,gestures,intersection
0,G6->3,0.08461538461538462
1,G2->3,0.20819112627986347
2,G1->0,0.24
3,G4->2,0.27607361963190186
4,G2->2,0.3
5,G4->1,0.4222222222222222
6,G2->0,0.49760765550239233
7,G2->1,0.5654320987654321
8,G6->1,0.697841726618705
9,G6->2,0.7925925925925926
10,G5->0,0.8140703517587939
11,G6->0,0.8232758620689655
12,G3->0,0.84375
13,G3->2,0.8846153846153846
14,G3->3,0.9305555555555556
15,G4->0,0.9508196721311475
16,G11->0,0.9776119402985075
17,G8->0,1.0
18,G3->1,1.0
