,gestures,intersection
0,G4->2,0.32694055789473697
1,G2->0,0.3617310153256705
2,G3->1,0.3696555303030302
3,G5->0,0.49867912096774203
4,G3->2,0.5264107101449276
5,G3->0,0.5887544218749999
6,G6->1,0.6137639600000001
7,G8->0,0.6361782325581394
8,G11->0,0.8298280531914894
9,G2->2,0.8360156237288134
10,G2->3,0.8366464927536229
11,G4->0,1.0045663636363633
12,G4->1,1.0161235765765773
13,G6->0,1.0169884499999997
14,G6->2,1.0800878958333333
15,G2->1,1.311907439613527
16,G3->3,1.4798264731182795
