,gestures,intersection
0,G3->1,39.34241125
1,G3->0,51.030231
2,G3->2,61.208771000000006
3,G4->2,63.2631435
4,G8->0,69.94834300000001
5,G5->0,88.4185626
6,G2->0,105.93418199999999
7,G6->1,108.74558660000002
8,G4->0,119.49337099999998
9,G6->0,132.48169180000002
10,G4->1,132.806269
11,G3->3,153.59347474999998
12,G6->2,163.50387849999998
13,G2->3,190.02253899999994
14,G2->2,292.0717737499999
15,G11->0,375.360008
16,G2->1,647.6307177999992
