,gestures,intersection
0,G3->2,3.466066750000001
1,G4->2,3.5762624999999995
2,G3->0,4.141155
3,G6->1,4.7828914
4,G3->1,4.8036055
5,G8->0,6.177567666666666
6,G4->0,6.6457656
7,G3->3,7.057015499999999
8,G6->2,7.828156000000002
9,G4->1,8.09729575
10,G5->0,8.5971824
11,G2->3,12.126647500000002
12,G6->0,12.178153600000005
13,G2->0,13.490840400000002
14,G2->2,16.256939499999998
15,G11->0,27.859886250000006
16,G2->1,56.03205999999996
