,gestures,intersection
0,G3->0,1119.2151229999997
1,G8->0,1138.027815666667
2,G3->2,1158.3855885
3,G6->1,1160.3962056000003
4,G3->1,1183.1372805
5,G3->3,1279.3005245000004
6,G4->2,1466.1117619999998
7,G4->1,1492.6846870000004
8,G4->0,1575.7476225999997
9,G6->0,2076.264023399999
10,G5->0,2092.686131
11,G6->2,2154.3538580000004
12,G2->3,3347.5372065000015
13,G2->0,3403.133707000001
14,G2->2,4124.78160125
15,G11->0,4855.48635775
16,G2->1,8672.212321999996
