,gestures,intersection
0,G3->1,1.8785404999999997
1,G3->0,2.3252014
2,G3->2,3.20772475
3,G4->1,3.800437499999999
4,G8->0,4.152427333333333
5,G4->2,4.527787750000001
6,G3->3,4.647638000000001
7,G6->1,4.664898600000001
8,G4->0,7.4364716
9,G6->2,7.8027365
10,G5->0,8.548858000000001
11,G2->0,9.2551312
12,G6->0,10.388924600000001
13,G2->3,10.826797999999997
14,G2->2,10.866620999999999
15,G11->0,17.794372499999994
16,G2->1,21.542237800000017
