,gestures,intersection
0,G4->1,0.9401586036036037
1,G3->1,1.1613956515151516
2,G8->0,1.2696684534883718
3,G4->2,1.6592541684210529
4,G2->0,1.6859195823754776
5,G11->0,1.8343125425531916
6,G3->0,1.9468023593750006
7,G2->1,2.1713735169082127
8,G2->2,2.1745097525423738
9,G6->1,2.3006408400000002
10,G3->3,2.377706483870968
11,G6->2,2.427119784722221
12,G2->3,2.4872635169082127
13,G5->0,2.562181411290323
14,G3->2,2.672607275362319
15,G6->0,4.330366929999998
16,G4->0,4.552792196969697
